Target,Model,All_MAE,All_RMSE,All_R2,All_AbsErr_P95,All_AbsErr_P99,Tail_Rate,Tail_MAE,Tail_RMSE,Tail_R2,Tail_AbsErr_P95,Tail_AbsErr_P99,Split
dVIIRS,XGBoost,2.4341378854901654,4.332573935816284,0.05007527790675648,8.31314369440079,17.960771764814826,0.10535900104058273,9.283708910906205,11.398351104795472,0.14373439266272714,22.65608257651322,35.39821886062622,Random(70/15/15)
dVIIRS,XGBoost_CL,3.56527314698091,6.496370209494884,-1.1356926709125283,12.395050263404839,27.21516356468211,0.10535900104058273,9.981508866541178,14.124842164717844,-0.3148967343558948,29.66565017700193,45.53617752075201,Random(70/15/15)
dVIIRS,XGBoost_RMSE_CL,2.502982756118586,4.4413816505916826,0.0017635750052567012,8.47335574626922,18.25016646027567,0.10535900104058273,9.174848862084342,11.420684075175114,0.14037571591659315,22.709652328491124,36.317506365776055,Random(70/15/15)
dVIIRS,Ridge,2.475284167970742,4.426560777291254,0.008414681238921307,8.391092018607262,17.521229867848835,0.10535900104058273,10.33397519625442,12.215067026048473,0.01663182650324635,23.86418104690127,35.3341932403446,Random(70/15/15)
dVIIRS,Ridge_CL,3.8883426421603833,5.86110459312456,-0.7384258376695187,11.747503208838383,21.687710159749678,0.10535900104058273,10.248158076257697,13.21413651638531,-0.15080573647286122,24.9178429793844,38.571160694076426,Random(70/15/15)
dVIIRS,Ridge_RMSE_CL,2.468699289632815,4.424792369661293,0.009206798128446714,8.347558845651816,17.548996098906024,0.10535900104058273,10.344466911846858,12.221836319002147,0.015541607067508623,23.730784143739644,35.20586914505852,Random(70/15/15)
dVIIRS,ElasticNet,2.444625821050072,4.445629582276244,-0.00014685212908793766,8.329952622654845,18.18336224729976,0.10535900104058273,10.465397011047715,12.332080532269794,-0.002298646508093416,23.036420555831654,33.791831689026516,Random(70/15/15)
dVIIRS,ElasticNet_CL,2.898362854317869,4.640750539637405,-0.08986742634727829,8.767547074253766,17.762598529558712,0.10535900104058273,10.372965164290104,12.343617662472788,-0.004174900733628251,22.936816955032672,34.28905616536917,Random(70/15/15)
dVIIRS,ElasticNet_RMSE_CL,2.4439249864573274,4.445937666677002,-0.0002854783077543832,8.341107450316501,18.182823795333118,0.10535900104058273,10.466812943039937,12.333115895886504,-0.002466953406809802,23.057074437926342,33.81137155051918,Random(70/15/15)
dVIIRS,SVR,2.5056115534546137,4.548892100389903,-0.04714903300453255,8.494476632698468,18.547684748415215,0.10535900104058273,10.28526435334438,12.40342759561487,-0.01392976226703202,23.658844852227976,40.434148223530556,Random(70/15/15)
dVIIRS,SVR_CL,4.232899019421094,7.378301168129899,-1.754926278404652,14.7526232159082,30.072155851927693,0.10535900104058273,12.083627134746157,16.391708371470187,-0.770813716362903,34.167420544907316,54.847149834482835,Random(70/15/15)
dVIIRS,SVR_RMSE_CL,2.565299698748494,4.634651617806106,-0.08700467886940122,8.82489579967905,18.78482232426065,0.10535900104058273,10.244125508869287,12.49349165625006,-0.0287079634346592,24.042829347654447,39.888611775229506,Random(70/15/15)
dVIIRS,RandomForest,2.391484988376368,4.296007435763646,0.06604215631660071,7.993395799636836,16.834943040212014,0.10535900104058273,9.192805421097166,11.39538914579358,0.1441793507221254,22.029706652323423,38.228876077270336,Random(70/15/15)
dVIIRS,RandomForest_CL,2.634541812202817,4.640832652699112,-0.08990599473926753,8.892440999366842,19.921301778057128,0.10535900104058273,8.736207166219538,11.36528408851843,0.1486952994370644,23.89343116443479,34.99358798671891,Random(70/15/15)
dVIIRS,RandomForest_RMSE_CL,2.4956697729840274,4.436358369147724,0.004020344274017984,8.416035770399926,18.2888285008664,0.10535900104058273,8.887764290738664,11.311633582692766,0.15671359911938165,23.004036149896724,35.99603375600107,Random(70/15/15)
dVIIRS,ExtraTrees,2.4734462748984964,4.413742236475321,0.014149279080532207,8.340089645703618,17.120370348803206,0.10535900104058273,9.271863993349543,11.48465423169253,0.1307187974754671,22.743986719767186,34.60867368164051,Random(70/15/15)
dVIIRS,ExtraTrees_CL,2.4816953017694154,4.425259271947689,0.008997690907351474,8.354217561693032,17.15774295576009,0.10535900104058273,9.25140378765169,11.480355465637206,0.13136942867286472,22.72414208340121,34.390534013804974,Random(70/15/15)
dVIIRS,ExtraTrees_RMSE_CL,2.476221948867633,4.416704096144674,0.012825716871206705,8.33940838379032,17.13475926309495,0.10535900104058273,9.265197275870877,11.482467296691425,0.13104982711675117,22.72510632386334,34.56278502806969,Random(70/15/15)
dVIIRS,MLP,2.4567534833777755,4.423727482604567,0.00968363672711492,8.31627175258396,17.025951642260395,0.10535900104058273,10.319004183213613,12.193161253998765,0.020155691487073968,23.58698634531892,35.48715878321401,Random(70/15/15)
dVIIRS,MLP_CL,4.008728575992187,6.181796495253477,-0.9338671355361285,12.90302360676265,23.09665736162571,0.10535900104058273,10.490339716637251,13.384747534784212,-0.18071425705293054,26.009913862822447,39.85155854466795,Random(70/15/15)
dVIIRS,MLP_RMSE_CL,2.4678513043529486,4.427849894322262,0.007837051915715376,8.358677293491207,16.767686025640142,0.10535900104058273,10.29801661176717,12.17932102037647,0.02237883563882037,23.553970261636824,35.70696334940922,Random(70/15/15)
dWorldPop,XGBoost,10.30801979769492,23.017718733783678,0.8198928685938692,32.37639541625948,95.87923143208076,0.10509885535900104,38.243462371095866,62.821087164348555,0.821698785058347,129.9951006412504,220.7350015258786,Random(70/15/15)
dWorldPop,XGBoost_CL,13.806128224677776,31.368239896838915,0.6655072932983402,49.36666793823242,128.39205718994168,0.10509885535900104,50.27979366879652,85.21463683402152,0.6719260091764999,184.93038940429688,318.7309942626952,Random(70/15/15)
dWorldPop,XGBoost_RMSE_CL,10.182139727803541,22.821422332549236,0.8229516973214184,31.53754653930663,95.72030136585258,0.10509885535900104,36.55188322568883,61.845659784045715,0.8271927891167618,136.13574512004823,210.76314134597777,Random(70/15/15)
dWorldPop,Ridge,21.9044672918871,43.59338596802871,0.35397762983685144,83.05531612357635,166.3169691194395,0.10509885535900104,85.7730619331911,118.48307649703503,0.3657564614266715,208.37483219679225,386.2742372492591,Random(70/15/15)
dWorldPop,Ridge_CL,37.253714008598294,62.96032739792191,-0.3475357843905724,133.62554596542338,256.778824284189,0.10509885535900104,88.21332149544163,124.30749411931949,0.3018672202972805,274.03888977836783,412.19794480260595,Random(70/15/15)
dWorldPop,Ridge_RMSE_CL,21.650502739610683,43.769381372026736,0.3487508517630118,81.21180557727726,165.76279817487577,0.10509885535900104,87.02444214139845,120.29421406907787,0.3462181122551984,209.88352195265645,393.36930399231466,Random(70/15/15)
dWorldPop,ElasticNet,21.251160508120723,46.19736102905782,0.2744945372494766,78.17425424532678,185.80173913034864,0.10509885535900104,96.643038573934,131.78907344911943,0.21530259576862776,228.17670240166103,425.08910470383364,Random(70/15/15)
dWorldPop,ElasticNet_CL,35.98571829110036,65.80444966973901,-0.4720307228836538,146.81888629721425,286.5634361493197,0.10509885535900104,92.3121173354887,129.99146071606717,0.23656326309000686,281.83169044737264,412.7092304433434,Random(70/15/15)
dWorldPop,ElasticNet_RMSE_CL,21.1294361026959,44.60788710753323,0.3235594134999863,84.18604372030384,172.78033901262913,0.10509885535900104,90.01747085665806,123.28983053452039,0.31325118626456583,212.00452663793507,386.50575844839256,Random(70/15/15)
dWorldPop,SVR,16.8298303051216,40.59710815855015,0.4397310574020159,64.66316052005351,159.32380961498544,0.10509885535900104,81.74899649779036,117.76566676188594,0.37341384106758946,255.60032920810795,436.4448308696882,Random(70/15/15)
dWorldPop,SVR_CL,25.81126524944004,46.663874831435706,0.2597678417158593,103.58165380754399,189.51223359943694,0.10509885535900104,79.61067443562197,106.8073165291298,0.484598813184711,205.9058623317127,321.8233386943268,Random(70/15/15)
dWorldPop,SVR_RMSE_CL,17.382437804919515,37.54671441418323,0.5207631221117941,63.45665319816365,151.95986625874855,0.10509885535900104,71.16788977176705,104.62206863174696,0.5054729951281485,215.16463650598624,391.17164303076765,Random(70/15/15)
dWorldPop,RandomForest,9.245186642668457,25.20895274050492,0.7839690578767152,36.30378767903645,109.42171365560013,0.10509885535900104,42.3627773030599,71.41720731299849,0.7695646335883316,146.35258886718748,291.0375901855462,Random(70/15/15)
dWorldPop,RandomForest_CL,9.177331871150738,25.697367147121604,0.7755169210419659,35.69813233454555,108.35046239900416,0.10509885535900104,38.99883628245289,71.53683976012331,0.7687919728442036,153.28880364446348,290.44194948457005,Random(70/15/15)
dWorldPop,RandomForest_RMSE_CL,8.984658093300297,25.02448016429874,0.7871192063444106,34.27360147018805,101.39407356419011,0.10509885535900104,39.6374405079581,70.40606911314055,0.776043536006614,150.76446554781364,293.94990436738965,Random(70/15/15)
dWorldPop,ExtraTrees,6.801894700772396,21.499126546518823,0.8428740257583622,25.65886482747395,90.83516321614621,0.10509885535900104,32.358523475470705,62.03323971053152,0.8261429394698233,124.58750347900383,207.34056177164675,Random(70/15/15)
dWorldPop,ExtraTrees_CL,6.828466258931002,21.510201834105374,0.8427120969856045,25.90249577525072,90.96049575032518,0.10509885535900104,32.50164270597381,62.06634929390731,0.825957301219773,124.82776299431731,207.78341533305164,Random(70/15/15)
dWorldPop,ExtraTrees_RMSE_CL,6.813478855095878,21.503589993535783,0.8428087769436629,25.790748722691113,90.83253544925465,0.10509885535900104,32.44395483981977,62.04997869312589,0.8260491000068189,124.66937250653919,207.5121932680752,Random(70/15/15)
dWorldPop,MLP,13.425396225281672,26.23900065478824,0.7659541567997252,40.550127980045566,90.57232198792252,0.10509885535900104,40.40007593024103,68.01139367598294,0.7910190228695864,151.77607360024246,228.40102202871972,Random(70/15/15)
dWorldPop,MLP_CL,20.65264199024157,40.759629844488714,0.43523624885960066,65.56889679884372,158.6821834297906,0.10509885535900104,62.56254346241867,104.4492974184366,0.5071049545151468,216.04332354254765,338.2953277442133,Random(70/15/15)
dWorldPop,MLP_RMSE_CL,13.336884905162412,26.19884964179801,0.7666698843547998,39.85923017274837,90.61283116722826,0.10509885535900104,40.20509763299008,67.94980421133316,0.7913973476755858,148.88373220902344,226.32842743199822,Random(70/15/15)
dVIIRS,XGBoost,2.4525147770928886,4.674516150608611,0.058197291156616315,8.55338218212126,18.375474605560306,0.10143790849673202,10.059874168546756,12.869453000920307,0.1373793119524247,23.417500114440937,44.27521061182019,GroupSplit(grid_id)
dVIIRS,XGBoost_CL,3.74620716334558,6.8433001806667395,-1.0184490315759858,13.41177368164063,29.628751068115193,0.10143790849673202,10.644668167937049,14.871670037265693,-0.15191166229414033,32.03674225807184,47.8668651008606,GroupSplit(grid_id)
dVIIRS,XGBoost_RMSE_CL,2.5556652819058474,4.810151490142789,0.002749840648082147,9.15621805191039,19.004113388061512,0.10143790849673202,9.87925955808731,12.825270730381883,0.14329209135381948,24.814505505561794,43.47013312578199,GroupSplit(grid_id)
dVIIRS,Ridge,2.4778904415438867,4.756965761915406,0.02468106171637996,8.683639018709021,18.553213720598094,0.10143790849673202,11.099954776739718,13.647813598391888,0.029879107340920696,24.868647004248047,47.07998125664887,GroupSplit(grid_id)
dVIIRS,Ridge_CL,3.7949047144797867,5.9906073590614275,-0.5467791785350316,11.5082419740207,21.15712399415315,0.10143790849673202,10.760574037808677,14.55816690576951,-0.10385767466116236,27.78810212698128,46.63326963419342,GroupSplit(grid_id)
dVIIRS,Ridge_RMSE_CL,2.4673271534852397,4.758946737307149,0.023868575266945302,8.708710652049685,18.6357299880307,0.10143790849673202,11.119112589899919,13.665549283823124,0.027356074838766897,24.89876911502596,47.107007239621865,GroupSplit(grid_id)
dVIIRS,ElasticNet,2.468211821959449,4.817058881442683,-0.00011632394885574548,8.767009919832846,19.742553479355706,0.10143790849673202,11.299008982083231,13.856480243347084,-1.2772348110035026e-05,24.308716103410063,47.08854717149251,GroupSplit(grid_id)
dVIIRS,ElasticNet_CL,2.8354399983079976,4.95648256534294,-0.05884836837778695,8.90390828375606,19.03300071246633,0.10143790849673202,11.299008982083231,13.905368791938791,-0.007081727486232259,24.2488828015783,46.26231024733977,GroupSplit(grid_id)
dVIIRS,ElasticNet_RMSE_CL,2.467913930814068,4.817016158917243,-9.858395162098965e-05,8.76948501080431,19.7384283277366,0.10143790849673202,11.299008982083231,13.856466114833415,-1.0733058669609719e-05,24.309953648895796,47.09159978369065,GroupSplit(grid_id)
dVIIRS,SVR,2.5097473043039478,4.838235703396088,-0.008929103772921776,8.730268103039764,17.740757036142444,0.10143790849673202,10.964825879418804,13.705652648412991,0.021638993482747892,25.109470134327267,46.216648524874415,GroupSplit(grid_id)
dVIIRS,SVR_CL,4.5975014258436655,7.9772854834197995,-1.7428172672799898,16.93520506023808,31.15491360410754,0.10143790849673202,13.279403853522949,18.10766568860624,-0.7077513160765903,36.54541274479656,61.62967213704578,GroupSplit(grid_id)
dVIIRS,SVR_RMSE_CL,2.5676133261501337,4.894942212510953,-0.032717993915749366,8.943559686643434,18.104254077429566,0.10143790849673202,10.891329748500338,13.734694628297461,0.017488349184655028,25.30164846565637,45.72775743333728,GroupSplit(grid_id)
dVIIRS,RandomForest,2.397852442425418,4.557949668146746,0.10458233866381339,8.400977000474922,17.87066865336105,0.10143790849673202,9.817699264403165,12.60419842262972,0.17257210887298502,23.24055267270403,44.653554141394274,GroupSplit(grid_id)
dVIIRS,RandomForest_CL,2.7149644315520955,4.913684957867902,-0.04064169416463992,9.241909691922693,20.146538202902036,0.10143790849673202,9.259340777303395,12.364563216191456,0.20373568726145164,25.12306862207087,39.80300985496591,GroupSplit(grid_id)
dVIIRS,RandomForest_RMSE_CL,2.5041497122739487,4.650773476323186,0.06774015153636659,8.700247052578225,18.487233493790153,0.10143790849673202,9.499834113528431,12.406141351016073,0.19837151080117266,24.157116745608267,43.76569207924489,GroupSplit(grid_id)
dVIIRS,ExtraTrees,2.4126713581193022,4.586693541827395,0.09325315370187548,8.532235014279685,18.399478953886057,0.10143790849673202,9.735345438105723,12.639415422071796,0.1679418681347259,23.263921798388182,45.10033627694443,GroupSplit(grid_id)
dVIIRS,ExtraTrees_CL,2.428237039397938,4.60066651570745,0.0877200833762124,8.526476927077757,18.36057710580977,0.10143790849673202,9.68618546293939,12.61870503071224,0.17066638204078477,23.147280454563116,44.99714111837811,GroupSplit(grid_id)
dVIIRS,ExtraTrees_RMSE_CL,2.4121411790210385,4.588030652253447,0.09272440794067505,8.518924986627868,18.408747233237616,0.10143790849673202,9.731062971334122,12.638535958533991,0.16805765502919856,23.27740978364261,45.103185187964115,GroupSplit(grid_id)
dVIIRS,MLP,2.4512003999640477,4.724517675734389,0.037941320005892565,8.700455072002285,17.94378924409628,0.10143790849673202,10.90439775515756,13.486191373911886,0.052720084171891446,24.64112895477915,46.269665121397175,GroupSplit(grid_id)
dVIIRS,MLP_CL,4.306218963343543,7.307110078393012,-1.3013247368052068,14.612969316958678,28.26359304904177,0.10143790849673202,12.406263616406184,16.813099153273434,-0.4722963706989447,33.84031075206093,62.13409325457035,GroupSplit(grid_id)
dVIIRS,MLP_RMSE_CL,2.447067127639372,4.724326016315084,0.0380193740552478,8.702603405531638,17.9498611519996,0.10143790849673202,10.909970481531953,13.491156565671302,0.052022438390605164,24.649812774463012,46.305833458527395,GroupSplit(grid_id)
dWorldPop,XGBoost,18.572682100347322,38.462326126123,0.5268330297494149,66.25807495117185,147.74054695129368,0.08496732026143791,72.49216577373446,108.12545694619276,0.5629626526883731,161.54777069091801,508.9347460937499,GroupSplit(grid_id)
dWorldPop,XGBoost_CL,22.382937657163033,42.35881857867286,0.42610689576005334,80.71773071289061,186.02086303710863,0.08496732026143791,69.97914494771224,99.79002289131434,0.6277481332556052,201.08362426757833,359.64116821289053,GroupSplit(grid_id)
dWorldPop,XGBoost_RMSE_CL,18.825921555173164,38.49875723154861,0.5259362478156593,67.72366180419903,154.49690246581983,0.08496732026143791,71.59376387394391,106.3202285150203,0.5774341049878193,163.05230712890628,492.7193798828124,GroupSplit(grid_id)
dWorldPop,Ridge,20.692502098985752,47.194082631465534,0.2876089969289819,77.25136467939127,168.7515210032061,0.08496732026143791,95.06454422921362,145.59540558649292,0.20757534222128127,250.30312277700858,659.7030425435811,GroupSplit(grid_id)
dWorldPop,Ridge_CL,35.798436133737,64.63048410015814,-0.33603595738177283,135.9432461606111,302.452712122995,0.08496732026143791,96.71458443367153,141.34900485845765,0.2531246084074127,340.76140690776487,441.58418827514123,GroupSplit(grid_id)
dWorldPop,Ridge_RMSE_CL,20.488311473703966,47.280295751018514,0.28500385894059654,77.00379809299697,162.87085940666952,0.08496732026143791,95.86939519909687,146.8624799361398,0.1937228449028362,254.0586310520239,667.2268543244734,GroupSplit(grid_id)
dWorldPop,ElasticNet,20.114999394765054,49.6579032119039,0.21128502954078865,72.78204217507424,154.41876033295267,0.08496732026143791,104.69293189268494,159.21164744828326,0.052427796831823414,278.10763335655116,727.4601534804631,GroupSplit(grid_id)
dWorldPop,ElasticNet_CL,35.77035570817023,68.11691456529296,-0.48406616765819455,148.64782307254606,322.4335399716745,0.08496732026143791,102.03903504790402,150.9657691926058,0.1480392090285243,376.48820942450254,475.54250789317507,GroupSplit(grid_id)
dWorldPop,ElasticNet_RMSE_CL,20.36743370365814,48.7381788484737,0.2402303809138886,76.31737494198187,163.2399770020501,0.08496732026143791,100.6982791546477,152.48138991483728,0.13084681918961383,261.7571825399238,689.3306187126201,GroupSplit(grid_id)
dWorldPop,SVR,18.472960681661405,44.23389766926707,0.3741737915436739,69.12052837337899,154.35184420075524,0.08496732026143791,89.50629900814508,138.52772232544646,0.2826418660874298,185.50139474390522,665.3105403461005,GroupSplit(grid_id)
dWorldPop,SVR_CL,31.174425192975576,56.115994226525444,-0.007202169509535894,116.3605013055717,229.45222351913281,0.08496732026143791,84.62153859779696,118.69293112430677,0.47336180987087084,253.3021914954625,411.15414781703817,GroupSplit(grid_id)
dWorldPop,SVR_RMSE_CL,20.5976795734826,43.435221319850285,0.3965692932120546,74.16017268316327,142.3395026072481,0.08496732026143791,77.84468680990906,123.89679814813795,0.4261705860679156,182.01155397631052,589.1237902773717,GroupSplit(grid_id)
dWorldPop,RandomForest,18.10934078572674,39.11555338083222,0.5106244288091457,66.20925390624997,153.8922061197915,0.08496732026143791,73.42931655062162,106.84788003670843,0.573229433533581,159.69356575520754,425.3628067708333,GroupSplit(grid_id)
dWorldPop,RandomForest_CL,19.337804199763834,40.32749418720373,0.47982939867264296,69.65038727847652,161.90460794069688,0.08496732026143791,70.20283016273464,100.54872813505895,0.6220661403466463,170.9868120309753,366.14407700607245,GroupSplit(grid_id)
dWorldPop,RandomForest_RMSE_CL,18.375481941618848,39.279312889739465,0.5065182535709035,66.99907972540989,153.22101344509753,0.08496732026143791,72.32014734514966,104.66498596640858,0.5904890877577715,158.15798308771096,406.3852125552067,GroupSplit(grid_id)
dWorldPop,ExtraTrees,19.02519834458178,40.87458097495841,0.46562029498419344,68.28878833007853,165.19262688802073,0.08496732026143791,76.17799028440622,114.19532184439502,0.5125172353128202,184.07903776041667,494.87812135416664,GroupSplit(grid_id)
dWorldPop,ExtraTrees_CL,18.991129444164393,40.86126777177794,0.46596834244172924,68.20591590727098,164.9421298735251,0.08496732026143791,76.30395917452702,114.40893776722764,0.5106917405981888,183.75772399712787,496.49231549707395,GroupSplit(grid_id)
dWorldPop,ExtraTrees_RMSE_CL,18.951988939144155,40.847153921465654,0.4663371974269961,68.3013284983125,164.4149307894952,0.08496732026143791,76.45271433346808,114.65898903998843,0.5085505467128698,183.38483330747414,498.3637890301041,GroupSplit(grid_id)
dWorldPop,MLP,23.731010971986233,42.73897834071408,0.41575957784281314,81.93590415681807,188.38821071878309,0.08496732026143791,73.74471015798662,96.20408554533297,0.6540210538802258,192.29197200543513,295.00285628022505,GroupSplit(grid_id)
dWorldPop,MLP_CL,30.847609490738478,55.203741955840144,0.025278909678427386,105.66861208067681,201.39803200096188,0.08496732026143791,78.24540626804068,106.49376713790204,0.5760535332695447,204.580869850894,373.88762170716177,GroupSplit(grid_id)
dWorldPop,MLP_RMSE_CL,24.114642798234968,43.35223260827525,0.3988729580772761,83.87065852792767,186.02123694050655,0.08496732026143791,73.52765911632974,95.77067015430744,0.6571314169938225,195.48618029054927,295.41488203255733,GroupSplit(grid_id)
